model	tris	truth	truth_radii	mesh	built	recovered	status	s	backend
L01_cylinder	192	1	1	1	1	1	OK	3.9	feature
L01_cylinder_recon	228	1	1	1	1	1	OK	3.9	feature
L01_disk	236	1	1	1	1	1	OK	3.3	feature
L01_rod	100	1	1	1	1	1	OK	3.9	feature
L01_rod_recon	100	1	1	1	1	1	OK	2.9	feature
L02_blind_hole	140	1	1	2	1	1	OK	3.1	feature
L02_blind_hole_recon	228	1	1	1	1	1	OK	2.9	feature
L02_block_hole	144	1	1	1	1	1	OK	3.0	feature
L02_block_hole_recon	232	1	1	1	1	1	OK	2.8	feature
L02_counterbore	256	2	2	3	2	2	OK	2.8	feature
L02_counterbore_recon	232	1	1	1	1	1	OK	2.7	feature
L02_countersink	284	1	1	2	1	1	OK	3.3	feature
L02_cyl_bore	324	2	2	2	2	2	OK	2.8	feature
L02_cyl_side_hole	340	2	2	3	2	2	OK	4.0	feature
L02_cyl_side_hole_recon	224	1	1	1	1	1	OK	2.7	feature
L02_plate_slot	128	2	1	2	2	2	OK	2.8	feature
L02_pocket_recon	232	1	1	1	1	1	OK	2.9	feature
L02_thick_washer	360	2	2	2	2	2	OK	2.8	feature
L02_washer	356	2	2	2	2	2	OK	2.9	feature
L03_C_channel_recon	232	1	1	1	1	1	OK	2.7	feature
L03_U_channel_recon	232	1	1	1	1	1	OK	2.8	feature
L03_Z_profile_recon	224	1	1	1	1	1	OK	2.8	feature
L03_hex_prism_recon	224	1	1	1	1	1	OK	2.7	feature
L03_oct_prism_recon	224	1	1	1	1	1	OK	2.6	feature
L04_chamf_cyl	576	1	1	1	1	1	OK	4.0	feature
L04_chamf_cyl_recon	220	1	1	1	1	1	OK	2.8	feature
L04_cyl_bottom_chamf	438	1	1	1	1	1	OK	4.2	feature
L04_cyl_bottom_chamf_recon	224	1	1	1	1	1	OK	2.8	feature
L04_fillet_block	140	4	1	4	4	4	OK	2.8	feature
L04_fillet_block_recon	232	1	1	1	1	1	OK	2.6	feature
L04_mixed_edges	92	4	1	2	6	4	OK	15.7	native
L04_mixed_edges_recon	228	1	1	1	1	1	OK	2.6	feature
L04_pillow	1860	12	1	12	12	12	OK	7.4	feature
L04_pillow_recon	232	1	1	1	1	1	OK	2.7	feature
L04_puck	2400	1	1	0	4	0	OK	44.8	native
L04_soap_bar	1236	12	1	12	12	12	OK	5.9	feature
L04_soap_bar_recon	192	1	1	1	1	1	OK	2.5	feature
L04_top_fillet	84	4	1	4	4	4	OK	3.0	feature
L04_top_fillet_recon	228	1	1	1	1	1	OK	2.7	feature
L05_block_boss	176	1	1	2	1	1	OK	2.7	feature
L05_block_cyl_hole	160	1	1	2	1	1	OK	3.0	feature
L05_block_cyl_hole_recon	228	1	1	1	1	1	OK	2.6	feature
L05_boss_hole	296	2	2	2	2	2	OK	2.7	feature
L05_concave_block_recon	232	1	1	1	1	1	OK	2.7	feature
L05_keyway_shaft	204	1	1	1	1	1	OK	2.9	feature
L05_keyway_shaft_recon	224	1	1	1	1	1	OK	2.7	feature
L05_side_pockets_recon	232	1	1	1	1	1	OK	2.6	feature
L05_t_pipe	488	4	1	0	4	4	OK	4.4	feature
L05_t_pipe_recon	232	1	1	1	1	1	OK	2.6	feature
L06_adapter_plate	1620	14	5	14	14	14	OK	4.8	feature
L06_flange_plate	1000	8	3	8	8	8	OK	4.0	feature
L06_grid_plate	1308	12	1	12	12	12	OK	4.1	feature
L06_gusset	224	2	1	2	2	2	OK	2.7	feature
L06_hex_flange	816	7	2	8	8	7	OK	30.5	native
L06_motor_mount	600	5	2	6	5	5	OK	3.2	feature
L06_mount_plate	444	4	1	4	4	4	OK	2.8	feature
L06_round_flange	788	6	3	6	6	6	OK	3.5	feature
L06_slotted_plate	244	4	1	4	4	4	OK	3.1	feature
L06_strip_holes	552	5	1	5	5	5	OK	3.0	feature
L07_bushing	724	2	2	2	2	2	OK	6.6	feature
L07_bushing_recon	228	1	1	1	1	1	OK	2.6	feature
L07_cam	340	2	2	2	2	2	OK	2.6	feature
L07_collar	592	4	3	3	4	4	OK	4.4	feature
L07_collar_recon	232	1	1	1	1	1	OK	2.6	feature
L07_flanged_bushing	528	3	3	3	3	3	OK	3.3	feature
L07_grooved_shaft	1308	2	1	2	2	2	OK	5.0	feature
L07_grooved_shaft_recon	180	1	1	1	1	1	OK	2.5	feature
L07_pulley	664	1	1	1	1	1	OK	3.6	feature
L07_shoulder_bolt	660	4	3	4	4	4	OK	3.7	feature
L07_spool	756	4	2	4	4	4	OK	4.9	feature
L07_standoff	300	2	2	3	3	2	OK	15.3	native
L07_stepped_shaft	488	3	3	3	3	3	OK	2.7	feature
L07_stepped_shaft_recon	228	1	1	1	1	1	OK	2.6	feature
L08_T_bracket	236	2	1	2	2	2	OK	2.8	feature
L08_angle_bracket	268	4	1	2	0	0	OK	17.3	native
L08_angle_plate	700	8	1	4	10	6	OK	22.0	feature
L08_cable_clamp	388	3	2	3	3	3	OK	2.9	feature
L08_cable_clamp_recon	232	1	1	1	1	1	OK	2.5	feature
L08_end_plate	780	6	3	6	6	6	OK	3.5	feature
L08_hinge_plate	230	2	2	1	2	2	OK	2.9	feature
L08_motor_bracket	968	7	3	8	7	7	OK	4.7	feature
L08_pillow_block	566	4	3	4	7	4	OK	24.0	feature
L08_rail_mount	460	4	1	4	4	4	OK	3.0	feature
L09_actuator_mount	2108	7	3	6	10	5	OK	32.3	native
L09_bearing_block	652	9	3	5	9	9	OK	24.0	feature
L09_clamp	444	8	2	8	8	8	OK	5.4	feature
L09_clamp_recon	228	1	1	1	1	1	OK	2.7	feature
L09_coupling	792	5	3	5	5	5	OK	5.6	feature
L09_crank_arm	508	5	4	5	5	5	OK	3.7	feature
L09_cross_block	238	5	1	0	5	5	OK	4.7	feature
L09_gear_blank	2288	8	3	8	8	8	OK	205.5	feature
L09_spacer_block	464	4	1	6	4	4	OK	3.1	feature
L09_spacer_block_recon	228	1	1	1	1	1	OK	2.7	feature
L09_valve_body	3210	21	3	14	0	0	OK	54.7	native
L09_valve_body_recon	224	1	1	1	1	1	OK	2.9	feature
L10_cross_slide	536	4	1	4	4	4	OK	4.4	feature
L10_cylinder_cap	1292	6	3	6	6	6	OK	49.6	feature
L10_gearbox	1030	12	4	9	12	12	OK	7.5	feature
L10_gearbox_recon	232	1	1	1	1	1	OK	2.6	feature
L10_guide_block	612	8	2	4	8	8	OK	32.6	feature
L10_idler_bracket	256	6	1	2	6	2	OK	7.1	feature
L10_linear_bearing	968	8	4	7	8	8	OK	6.3	feature
L10_nut_housing	604	5	2	5	9	5	OK	26.0	native
L10_spindle_nose	1098	4	4	4	4	4	OK	7.7	feature
L10_stepper_mount	988	11	4	11	11	11	OK	5.8	feature
L10_tool_holder	1396	16	3	12	16	16	OK	112.3	feature
SpeedTestStructure	6216	285	4	7	139	12	OK	395.1	native
clamp_half_a	1586	11	4	9	0	0	OK	58.5	native
gancio_parametric	4496	25	4	10	0	0	OK	441.1	native
